[{"name":"add_place","qualifiedName":"add_place","href":"screens_add_place/screens_add_place-library.html","kind":8,"overriddenDepth":0,"packageRank":0,"desc":""},{"name":"AddPlaceScreen","qualifiedName":"add_place.AddPlaceScreen","href":"screens_add_place/AddPlaceScreen-class.html","kind":3,"overriddenDepth":0,"packageRank":0,"desc":"A StatefulWidget that uses Riverpod for state management.","enclosedBy":{"name":"add_place","kind":8,"href":"screens_add_place/screens_add_place-library.html"}},{"name":"AddPlaceScreen","qualifiedName":"add_place.AddPlaceScreen.AddPlaceScreen","href":"screens_add_place/AddPlaceScreen/AddPlaceScreen.html","kind":2,"overriddenDepth":0,"packageRank":0,"desc":"","enclosedBy":{"name":"AddPlaceScreen","kind":3,"href":"screens_add_place/AddPlaceScreen-class.html"}},{"name":"createState","qualifiedName":"add_place.AddPlaceScreen.createState","href":"screens_add_place/AddPlaceScreen/createState.html","kind":9,"overriddenDepth":2,"packageRank":0,"desc":"Creates a state for this widget.","enclosedBy":{"name":"AddPlaceScreen","kind":3,"href":"screens_add_place/AddPlaceScreen-class.html"}},{"name":"auth","qualifiedName":"auth","href":"screens_auth/screens_auth-library.html","kind":8,"overriddenDepth":0,"packageRank":0,"desc":""},{"name":"AuthScreen","qualifiedName":"auth.AuthScreen","href":"screens_auth/AuthScreen-class.html","kind":3,"overriddenDepth":0,"packageRank":0,"desc":"A StatefulWidget for the authentication screen.","enclosedBy":{"name":"auth","kind":8,"href":"screens_auth/screens_auth-library.html"}},{"name":"AuthScreen","qualifiedName":"auth.AuthScreen.AuthScreen","href":"screens_auth/AuthScreen/AuthScreen.html","kind":2,"overriddenDepth":0,"packageRank":0,"desc":"","enclosedBy":{"name":"AuthScreen","kind":3,"href":"screens_auth/AuthScreen-class.html"}},{"name":"createState","qualifiedName":"auth.AuthScreen.createState","href":"screens_auth/AuthScreen/createState.html","kind":9,"overriddenDepth":1,"packageRank":0,"desc":"Creates the mutable state for this widget.","enclosedBy":{"name":"AuthScreen","kind":3,"href":"screens_auth/AuthScreen-class.html"}},{"name":"background","qualifiedName":"background","href":"background/background-library.html","kind":8,"overriddenDepth":0,"packageRank":0,"desc":""},{"name":"CustomScaffold","qualifiedName":"background.CustomScaffold","href":"background/CustomScaffold-class.html","kind":3,"overriddenDepth":0,"packageRank":0,"desc":"A custom scaffold widget that provides a background gradient based on the\nsystem's brightness mode (light or dark). This widget is designed to be\nused as a container for the main body of an application screen.","enclosedBy":{"name":"background","kind":8,"href":"background/background-library.html"}},{"name":"CustomScaffold","qualifiedName":"background.CustomScaffold.CustomScaffold","href":"background/CustomScaffold/CustomScaffold.html","kind":2,"overriddenDepth":0,"packageRank":0,"desc":"Creates a CustomScaffold with the specified childBody.","enclosedBy":{"name":"CustomScaffold","kind":3,"href":"background/CustomScaffold-class.html"}},{"name":"build","qualifiedName":"background.CustomScaffold.build","href":"background/CustomScaffold/build.html","kind":9,"overriddenDepth":1,"packageRank":0,"desc":"Returns a color widget describing the color mode.","enclosedBy":{"name":"CustomScaffold","kind":3,"href":"background/CustomScaffold-class.html"}},{"name":"childBody","qualifiedName":"background.CustomScaffold.childBody","href":"background/CustomScaffold/childBody.html","kind":15,"overriddenDepth":0,"packageRank":0,"desc":"The main body of the scaffold.","enclosedBy":{"name":"CustomScaffold","kind":3,"href":"background/CustomScaffold-class.html"}},{"name":"firebase_options","qualifiedName":"firebase_options","href":"firebase_options/firebase_options-library.html","kind":8,"overriddenDepth":0,"packageRank":0,"desc":""},{"name":"DefaultFirebaseOptions","qualifiedName":"firebase_options.DefaultFirebaseOptions","href":"firebase_options/DefaultFirebaseOptions-class.html","kind":3,"overriddenDepth":0,"packageRank":0,"desc":"Default FirebaseOptions for use with your Firebase apps.","enclosedBy":{"name":"firebase_options","kind":8,"href":"firebase_options/firebase_options-library.html"}},{"name":"DefaultFirebaseOptions","qualifiedName":"firebase_options.DefaultFirebaseOptions.DefaultFirebaseOptions","href":"firebase_options/DefaultFirebaseOptions/DefaultFirebaseOptions.html","kind":2,"overriddenDepth":0,"packageRank":0,"desc":"","enclosedBy":{"name":"DefaultFirebaseOptions","kind":3,"href":"firebase_options/DefaultFirebaseOptions-class.html"}},{"name":"android","qualifiedName":"firebase_options.DefaultFirebaseOptions.android","href":"firebase_options/DefaultFirebaseOptions/android-constant.html","kind":1,"overriddenDepth":0,"packageRank":0,"desc":"FirebaseOptions for Android.","enclosedBy":{"name":"DefaultFirebaseOptions","kind":3,"href":"firebase_options/DefaultFirebaseOptions-class.html"}},{"name":"currentPlatform","qualifiedName":"firebase_options.DefaultFirebaseOptions.currentPlatform","href":"firebase_options/DefaultFirebaseOptions/currentPlatform.html","kind":15,"overriddenDepth":0,"packageRank":0,"desc":"","enclosedBy":{"name":"DefaultFirebaseOptions","kind":3,"href":"firebase_options/DefaultFirebaseOptions-class.html"}},{"name":"ios","qualifiedName":"firebase_options.DefaultFirebaseOptions.ios","href":"firebase_options/DefaultFirebaseOptions/ios-constant.html","kind":1,"overriddenDepth":0,"packageRank":0,"desc":"FirebaseOptions for iOS.","enclosedBy":{"name":"DefaultFirebaseOptions","kind":3,"href":"firebase_options/DefaultFirebaseOptions-class.html"}},{"name":"image_input","qualifiedName":"image_input","href":"widgets_image_input/widgets_image_input-library.html","kind":8,"overriddenDepth":0,"packageRank":0,"desc":""},{"name":"ImageInput","qualifiedName":"image_input.ImageInput","href":"widgets_image_input/ImageInput-class.html","kind":3,"overriddenDepth":0,"packageRank":0,"desc":"A StatefulWidget class.","enclosedBy":{"name":"image_input","kind":8,"href":"widgets_image_input/widgets_image_input-library.html"}},{"name":"ImageInput","qualifiedName":"image_input.ImageInput.ImageInput","href":"widgets_image_input/ImageInput/ImageInput.html","kind":2,"overriddenDepth":0,"packageRank":0,"desc":"Constructor with a required callback function.","enclosedBy":{"name":"ImageInput","kind":3,"href":"widgets_image_input/ImageInput-class.html"}},{"name":"createState","qualifiedName":"image_input.ImageInput.createState","href":"widgets_image_input/ImageInput/createState.html","kind":9,"overriddenDepth":1,"packageRank":0,"desc":"Create state for ImageInput.","enclosedBy":{"name":"ImageInput","kind":3,"href":"widgets_image_input/ImageInput-class.html"}},{"name":"onPickImage","qualifiedName":"image_input.ImageInput.onPickImage","href":"widgets_image_input/ImageInput/onPickImage.html","kind":15,"overriddenDepth":0,"packageRank":0,"desc":"Callback function to be called when an image is picked.","enclosedBy":{"name":"ImageInput","kind":3,"href":"widgets_image_input/ImageInput-class.html"}},{"name":"img_box","qualifiedName":"img_box","href":"widgets_img_box/widgets_img_box-library.html","kind":8,"overriddenDepth":0,"packageRank":0,"desc":""},{"name":"ImageBox","qualifiedName":"img_box.ImageBox","href":"widgets_img_box/ImageBox-class.html","kind":3,"overriddenDepth":0,"packageRank":0,"desc":"A ConsumerWidget (part of Riverpod for reactive state management).","enclosedBy":{"name":"img_box","kind":8,"href":"widgets_img_box/widgets_img_box-library.html"}},{"name":"ImageBox","qualifiedName":"img_box.ImageBox.ImageBox","href":"widgets_img_box/ImageBox/ImageBox.html","kind":2,"overriddenDepth":0,"packageRank":0,"desc":"Constructor requiring a Place object and an optional key.","enclosedBy":{"name":"ImageBox","kind":3,"href":"widgets_img_box/ImageBox-class.html"}},{"name":"build","qualifiedName":"img_box.ImageBox.build","href":"widgets_img_box/ImageBox/build.html","kind":9,"overriddenDepth":1,"packageRank":0,"desc":"Takes context and WidgedRef from state management.","enclosedBy":{"name":"ImageBox","kind":3,"href":"widgets_img_box/ImageBox-class.html"}},{"name":"place","qualifiedName":"img_box.ImageBox.place","href":"widgets_img_box/ImageBox/place.html","kind":15,"overriddenDepth":0,"packageRank":0,"desc":"Immutable variable place of type Place.","enclosedBy":{"name":"ImageBox","kind":3,"href":"widgets_img_box/ImageBox-class.html"}},{"name":"returnImg","qualifiedName":"img_box.returnImg","href":"widgets_img_box/returnImg.html","kind":7,"overriddenDepth":0,"packageRank":0,"desc":"Returns an Image widget based on input parameters.","enclosedBy":{"name":"img_box","kind":8,"href":"widgets_img_box/widgets_img_box-library.html"}},{"name":"location_input","qualifiedName":"location_input","href":"widgets_location_input/widgets_location_input-library.html","kind":8,"overriddenDepth":0,"packageRank":0,"desc":""},{"name":"LocationInput","qualifiedName":"location_input.LocationInput","href":"widgets_location_input/LocationInput-class.html","kind":3,"overriddenDepth":0,"packageRank":0,"desc":"A StatefulWidget for handling location input.","enclosedBy":{"name":"location_input","kind":8,"href":"widgets_location_input/widgets_location_input-library.html"}},{"name":"LocationInput","qualifiedName":"location_input.LocationInput.LocationInput","href":"widgets_location_input/LocationInput/LocationInput.html","kind":2,"overriddenDepth":0,"packageRank":0,"desc":"","enclosedBy":{"name":"LocationInput","kind":3,"href":"widgets_location_input/LocationInput-class.html"}},{"name":"createState","qualifiedName":"location_input.LocationInput.createState","href":"widgets_location_input/LocationInput/createState.html","kind":9,"overriddenDepth":1,"packageRank":0,"desc":"A funtion for state creation, returns a _LocationInputState.","enclosedBy":{"name":"LocationInput","kind":3,"href":"widgets_location_input/LocationInput-class.html"}},{"name":"onSelectLocation","qualifiedName":"location_input.LocationInput.onSelectLocation","href":"widgets_location_input/LocationInput/onSelectLocation.html","kind":15,"overriddenDepth":0,"packageRank":0,"desc":"A callback function called when a location is selected.","enclosedBy":{"name":"LocationInput","kind":3,"href":"widgets_location_input/LocationInput-class.html"}},{"name":"main","qualifiedName":"main","href":"main/main-library.html","kind":8,"overriddenDepth":0,"packageRank":0,"desc":""},{"name":"App","qualifiedName":"main.App","href":"main/App-class.html","kind":3,"overriddenDepth":0,"packageRank":0,"desc":"A class to build the UI of the widget.","enclosedBy":{"name":"main","kind":8,"href":"main/main-library.html"}},{"name":"App","qualifiedName":"main.App.App","href":"main/App/App.html","kind":2,"overriddenDepth":0,"packageRank":0,"desc":"","enclosedBy":{"name":"App","kind":3,"href":"main/App-class.html"}},{"name":"build","qualifiedName":"main.App.build","href":"main/App/build.html","kind":9,"overriddenDepth":1,"packageRank":0,"desc":"Describes the part of the user interface represented by this widget.","enclosedBy":{"name":"App","kind":3,"href":"main/App-class.html"}},{"name":"kColorScheme","qualifiedName":"main.kColorScheme","href":"main/kColorScheme.html","kind":19,"overriddenDepth":0,"packageRank":0,"desc":"Defines a bright color scheme for the app using a base color.","enclosedBy":{"name":"main","kind":8,"href":"main/main-library.html"}},{"name":"kDarkColorScheme","qualifiedName":"main.kDarkColorScheme","href":"main/kDarkColorScheme.html","kind":19,"overriddenDepth":0,"packageRank":0,"desc":"Defines a dark color scheme for the app using a base color.","enclosedBy":{"name":"main","kind":8,"href":"main/main-library.html"}},{"name":"main","qualifiedName":"main.main","href":"main/main.html","kind":7,"overriddenDepth":0,"packageRank":0,"desc":"An entry point of the Flutter application.","enclosedBy":{"name":"main","kind":8,"href":"main/main-library.html"}},{"name":"map","qualifiedName":"map","href":"screens_map/screens_map-library.html","kind":8,"overriddenDepth":0,"packageRank":0,"desc":""},{"name":"MapScreen","qualifiedName":"map.MapScreen","href":"screens_map/MapScreen-class.html","kind":3,"overriddenDepth":0,"packageRank":0,"desc":"A StatefulWidget class","enclosedBy":{"name":"map","kind":8,"href":"screens_map/screens_map-library.html"}},{"name":"MapScreen","qualifiedName":"map.MapScreen.MapScreen","href":"screens_map/MapScreen/MapScreen.html","kind":2,"overriddenDepth":0,"packageRank":0,"desc":"In the constructor, the default location (latitude, longitude, address) can be overwritten.\nThe isSelecting flag determines if the location can be selected.","enclosedBy":{"name":"MapScreen","kind":3,"href":"screens_map/MapScreen-class.html"}},{"name":"createState","qualifiedName":"map.MapScreen.createState","href":"screens_map/MapScreen/createState.html","kind":9,"overriddenDepth":1,"packageRank":0,"desc":"Creates a state for the map.","enclosedBy":{"name":"MapScreen","kind":3,"href":"screens_map/MapScreen-class.html"}},{"name":"isSelecting","qualifiedName":"map.MapScreen.isSelecting","href":"screens_map/MapScreen/isSelecting.html","kind":15,"overriddenDepth":0,"packageRank":0,"desc":"Whether selection mode is on.","enclosedBy":{"name":"MapScreen","kind":3,"href":"screens_map/MapScreen-class.html"}},{"name":"location","qualifiedName":"map.MapScreen.location","href":"screens_map/MapScreen/location.html","kind":15,"overriddenDepth":0,"packageRank":0,"desc":"The location.","enclosedBy":{"name":"MapScreen","kind":3,"href":"screens_map/MapScreen-class.html"}},{"name":"photos","qualifiedName":"photos","href":"screens_photos/screens_photos-library.html","kind":8,"overriddenDepth":0,"packageRank":0,"desc":""},{"name":"PlacesScreen","qualifiedName":"photos.PlacesScreen","href":"screens_photos/PlacesScreen-class.html","kind":3,"overriddenDepth":0,"packageRank":0,"desc":"A ConsumerStatefulWidget class.","enclosedBy":{"name":"photos","kind":8,"href":"screens_photos/screens_photos-library.html"}},{"name":"PlacesScreen","qualifiedName":"photos.PlacesScreen.PlacesScreen","href":"screens_photos/PlacesScreen/PlacesScreen.html","kind":2,"overriddenDepth":0,"packageRank":0,"desc":"","enclosedBy":{"name":"PlacesScreen","kind":3,"href":"screens_photos/PlacesScreen-class.html"}},{"name":"createState","qualifiedName":"photos.PlacesScreen.createState","href":"screens_photos/PlacesScreen/createState.html","kind":9,"overriddenDepth":2,"packageRank":0,"desc":"Creates a state for photos placing.","enclosedBy":{"name":"PlacesScreen","kind":3,"href":"screens_photos/PlacesScreen-class.html"}},{"name":"place","qualifiedName":"place","href":"models_place/models_place-library.html","kind":8,"overriddenDepth":0,"packageRank":0,"desc":""},{"name":"Place","qualifiedName":"place.Place","href":"models_place/Place-class.html","kind":3,"overriddenDepth":0,"packageRank":0,"desc":"","enclosedBy":{"name":"place","kind":8,"href":"models_place/models_place-library.html"}},{"name":"Place","qualifiedName":"place.Place.Place","href":"models_place/Place/Place.html","kind":2,"overriddenDepth":0,"packageRank":0,"desc":"Required parameters for the constructor: title, image and location.\nID is an optional parameter. If it is not provided, a new unique ID is generated using Uuid.","enclosedBy":{"name":"Place","kind":3,"href":"models_place/Place-class.html"}},{"name":"id","qualifiedName":"place.Place.id","href":"models_place/Place/id.html","kind":15,"overriddenDepth":0,"packageRank":0,"desc":"Immutable variable for ID.","enclosedBy":{"name":"Place","kind":3,"href":"models_place/Place-class.html"}},{"name":"image","qualifiedName":"place.Place.image","href":"models_place/Place/image.html","kind":15,"overriddenDepth":0,"packageRank":0,"desc":"Immutable variable for the image file.","enclosedBy":{"name":"Place","kind":3,"href":"models_place/Place-class.html"}},{"name":"location","qualifiedName":"place.Place.location","href":"models_place/Place/location.html","kind":15,"overriddenDepth":0,"packageRank":0,"desc":"Immutable variable for location.","enclosedBy":{"name":"Place","kind":3,"href":"models_place/Place-class.html"}},{"name":"title","qualifiedName":"place.Place.title","href":"models_place/Place/title.html","kind":15,"overriddenDepth":0,"packageRank":0,"desc":"Immutable variable for title.","enclosedBy":{"name":"Place","kind":3,"href":"models_place/Place-class.html"}},{"name":"PlaceLocation","qualifiedName":"place.PlaceLocation","href":"models_place/PlaceLocation-class.html","kind":3,"overriddenDepth":0,"packageRank":0,"desc":"","enclosedBy":{"name":"place","kind":8,"href":"models_place/models_place-library.html"}},{"name":"PlaceLocation","qualifiedName":"place.PlaceLocation.PlaceLocation","href":"models_place/PlaceLocation/PlaceLocation.html","kind":2,"overriddenDepth":0,"packageRank":0,"desc":"Required parameters for the constructor: latitude, longtitude and address.","enclosedBy":{"name":"PlaceLocation","kind":3,"href":"models_place/PlaceLocation-class.html"}},{"name":"address","qualifiedName":"place.PlaceLocation.address","href":"models_place/PlaceLocation/address.html","kind":15,"overriddenDepth":0,"packageRank":0,"desc":"Immutable variable for address.","enclosedBy":{"name":"PlaceLocation","kind":3,"href":"models_place/PlaceLocation-class.html"}},{"name":"latitude","qualifiedName":"place.PlaceLocation.latitude","href":"models_place/PlaceLocation/latitude.html","kind":15,"overriddenDepth":0,"packageRank":0,"desc":"Immutable variable for latitude.","enclosedBy":{"name":"PlaceLocation","kind":3,"href":"models_place/PlaceLocation-class.html"}},{"name":"longitude","qualifiedName":"place.PlaceLocation.longitude","href":"models_place/PlaceLocation/longitude.html","kind":15,"overriddenDepth":0,"packageRank":0,"desc":"Immutable variable for longitude.","enclosedBy":{"name":"PlaceLocation","kind":3,"href":"models_place/PlaceLocation-class.html"}},{"name":"uuid","qualifiedName":"place.uuid","href":"models_place/uuid-constant.html","kind":18,"overriddenDepth":0,"packageRank":0,"desc":"Create a constant instance of Uuid for generating unique IDs.","enclosedBy":{"name":"place","kind":8,"href":"models_place/models_place-library.html"}},{"name":"place_detail","qualifiedName":"place_detail","href":"screens_place_detail/screens_place_detail-library.html","kind":8,"overriddenDepth":0,"packageRank":0,"desc":""},{"name":"PlaceDetailScreen","qualifiedName":"place_detail.PlaceDetailScreen","href":"screens_place_detail/PlaceDetailScreen-class.html","kind":3,"overriddenDepth":0,"packageRank":0,"desc":"A StatelessWidget class.","enclosedBy":{"name":"place_detail","kind":8,"href":"screens_place_detail/screens_place_detail-library.html"}},{"name":"PlaceDetailScreen","qualifiedName":"place_detail.PlaceDetailScreen.PlaceDetailScreen","href":"screens_place_detail/PlaceDetailScreen/PlaceDetailScreen.html","kind":2,"overriddenDepth":0,"packageRank":0,"desc":"","enclosedBy":{"name":"PlaceDetailScreen","kind":3,"href":"screens_place_detail/PlaceDetailScreen-class.html"}},{"name":"build","qualifiedName":"place_detail.PlaceDetailScreen.build","href":"screens_place_detail/PlaceDetailScreen/build.html","kind":9,"overriddenDepth":1,"packageRank":0,"desc":"Returns details about photo and selected place.","enclosedBy":{"name":"PlaceDetailScreen","kind":3,"href":"screens_place_detail/PlaceDetailScreen-class.html"}},{"name":"locationImage","qualifiedName":"place_detail.PlaceDetailScreen.locationImage","href":"screens_place_detail/PlaceDetailScreen/locationImage.html","kind":15,"overriddenDepth":0,"packageRank":0,"desc":"Gets latitude and longitude from the position on the image.","enclosedBy":{"name":"PlaceDetailScreen","kind":3,"href":"screens_place_detail/PlaceDetailScreen-class.html"}},{"name":"place","qualifiedName":"place_detail.PlaceDetailScreen.place","href":"screens_place_detail/PlaceDetailScreen/place.html","kind":15,"overriddenDepth":0,"packageRank":0,"desc":"A Place object.","enclosedBy":{"name":"PlaceDetailScreen","kind":3,"href":"screens_place_detail/PlaceDetailScreen-class.html"}},{"name":"places_list","qualifiedName":"places_list","href":"widgets_places_list/widgets_places_list-library.html","kind":8,"overriddenDepth":0,"packageRank":0,"desc":""},{"name":"PlacesList","qualifiedName":"places_list.PlacesList","href":"widgets_places_list/PlacesList-class.html","kind":3,"overriddenDepth":0,"packageRank":0,"desc":"A stateless widget class.","enclosedBy":{"name":"places_list","kind":8,"href":"widgets_places_list/widgets_places_list-library.html"}},{"name":"PlacesList","qualifiedName":"places_list.PlacesList.PlacesList","href":"widgets_places_list/PlacesList/PlacesList.html","kind":2,"overriddenDepth":0,"packageRank":0,"desc":"Constructor with required Places parameter and an optional key.","enclosedBy":{"name":"PlacesList","kind":3,"href":"widgets_places_list/PlacesList-class.html"}},{"name":"build","qualifiedName":"places_list.PlacesList.build","href":"widgets_places_list/PlacesList/build.html","kind":9,"overriddenDepth":1,"packageRank":0,"desc":"Returns a widget based on the current state.","enclosedBy":{"name":"PlacesList","kind":3,"href":"widgets_places_list/PlacesList-class.html"}},{"name":"places","qualifiedName":"places_list.PlacesList.places","href":"widgets_places_list/PlacesList/places.html","kind":15,"overriddenDepth":0,"packageRank":0,"desc":"An immutable list of Place objects.","enclosedBy":{"name":"PlacesList","kind":3,"href":"widgets_places_list/PlacesList-class.html"}},{"name":"returnImagePlacesList","qualifiedName":"places_list.PlacesList.returnImagePlacesList","href":"widgets_places_list/PlacesList/returnImagePlacesList.html","kind":9,"overriddenDepth":0,"packageRank":0,"desc":"Generates a list of ImageBox widgets from the list of Place objects.","enclosedBy":{"name":"PlacesList","kind":3,"href":"widgets_places_list/PlacesList-class.html"}},{"name":"splash","qualifiedName":"splash","href":"screens_splash/screens_splash-library.html","kind":8,"overriddenDepth":0,"packageRank":0,"desc":""},{"name":"SplashScreen","qualifiedName":"splash.SplashScreen","href":"screens_splash/SplashScreen-class.html","kind":3,"overriddenDepth":0,"packageRank":0,"desc":"A StatelessWidget class.","enclosedBy":{"name":"splash","kind":8,"href":"screens_splash/screens_splash-library.html"}},{"name":"SplashScreen","qualifiedName":"splash.SplashScreen.SplashScreen","href":"screens_splash/SplashScreen/SplashScreen.html","kind":2,"overriddenDepth":0,"packageRank":0,"desc":"","enclosedBy":{"name":"SplashScreen","kind":3,"href":"screens_splash/SplashScreen-class.html"}},{"name":"build","qualifiedName":"splash.SplashScreen.build","href":"screens_splash/SplashScreen/build.html","kind":9,"overriddenDepth":1,"packageRank":0,"desc":"Creates a splash screen during the loading screen from login to photos screen.","enclosedBy":{"name":"SplashScreen","kind":3,"href":"screens_splash/SplashScreen-class.html"}},{"name":"user_places","qualifiedName":"user_places","href":"providers_user_places/providers_user_places-library.html","kind":8,"overriddenDepth":0,"packageRank":0,"desc":""},{"name":"UserPlacesNotifier","qualifiedName":"user_places.UserPlacesNotifier","href":"providers_user_places/UserPlacesNotifier-class.html","kind":3,"overriddenDepth":0,"packageRank":0,"desc":"A notifier class extending StateNotifier for managing a list of Place objects.","enclosedBy":{"name":"user_places","kind":8,"href":"providers_user_places/providers_user_places-library.html"}},{"name":"UserPlacesNotifier","qualifiedName":"user_places.UserPlacesNotifier.UserPlacesNotifier","href":"providers_user_places/UserPlacesNotifier/UserPlacesNotifier.html","kind":2,"overriddenDepth":0,"packageRank":0,"desc":"Initializes with an empty list.","enclosedBy":{"name":"UserPlacesNotifier","kind":3,"href":"providers_user_places/UserPlacesNotifier-class.html"}},{"name":"addPlace","qualifiedName":"user_places.UserPlacesNotifier.addPlace","href":"providers_user_places/UserPlacesNotifier/addPlace.html","kind":9,"overriddenDepth":0,"packageRank":0,"desc":"Adds a new place to the database and the state.","enclosedBy":{"name":"UserPlacesNotifier","kind":3,"href":"providers_user_places/UserPlacesNotifier-class.html"}},{"name":"deletePlace","qualifiedName":"user_places.UserPlacesNotifier.deletePlace","href":"providers_user_places/UserPlacesNotifier/deletePlace.html","kind":9,"overriddenDepth":0,"packageRank":0,"desc":"Deletes a place from the database and the state.","enclosedBy":{"name":"UserPlacesNotifier","kind":3,"href":"providers_user_places/UserPlacesNotifier-class.html"}},{"name":"loadPlaces","qualifiedName":"user_places.UserPlacesNotifier.loadPlaces","href":"providers_user_places/UserPlacesNotifier/loadPlaces.html","kind":9,"overriddenDepth":0,"packageRank":0,"desc":"Loads places from the database.","enclosedBy":{"name":"UserPlacesNotifier","kind":3,"href":"providers_user_places/UserPlacesNotifier-class.html"}},{"name":"userPlacesProvider","qualifiedName":"user_places.userPlacesProvider","href":"providers_user_places/userPlacesProvider.html","kind":19,"overriddenDepth":0,"packageRank":0,"desc":"A provider for state management using Riverpod.","enclosedBy":{"name":"user_places","kind":8,"href":"providers_user_places/providers_user_places-library.html"}}]
